{
    "128D": {
        "precision@1": 0.79,
        "recall@1": 0.24890079365079365,
        "precision@5": 0.47,
        "recall@5": 0.6076388888888888,
        "precision@10": 0.295,
        "recall@10": 0.7123650793650793,
        "precision@20": 0.162,
        "recall@20": 0.7828333333333333
    },
    "256D": {
        "precision@1": 0.81,
        "recall@1": 0.25173412698412695,
        "precision@5": 0.47800000000000004,
        "recall@5": 0.6152341269841269,
        "precision@10": 0.301,
        "recall@10": 0.7362539682539684,
        "precision@20": 0.165,
        "recall@20": 0.8164999999999999
    },
    "1024D": {
        "precision@1": 0.83,
        "recall@1": 0.25840079365079366,
        "precision@5": 0.52,
        "recall@5": 0.6791944444444443,
        "precision@10": 0.31,
        "recall@10": 0.7624761904761904,
        "precision@20": 0.17050000000000004,
        "recall@20": 0.8370000000000002
    }
}